numero,tipo,cuenta,caducidad
374288747248721,americanexpress,GR43 3661 760G GRO9 WF1P GYCC VF6,09/01/2026
374288649803128,americanexpress,DE17 9387 5690 6518 9518 54,06/04/2025
374288287942063,americanexpress,CR92 6423 0946 4173 8675 2,12/12/2023
374288917205352,americanexpress,PK75 BWPI XQ6F AEJ2 8XUZ DCUA,11/12/2025
5100179361482698,mastercard,PL36 2040 1485 5199 7263 5465 5111,31/08/2023
374288202259346,americanexpress,NO31 1650 2776 322,19/05/2024
5100139636405924,mastercard,FR55 8737 2792 57BJ NS4Z JCVN K88,05/11/2024
337941549885456,americanexpress,AD82 8117 0206 TQSK IHLF PYQU,14/03/2025
5100132447563494,mastercard,GL17 2563 8218 8160 05,25/09/2023
374283539387316,americanexpress,KW48 YSQF DVVS TV7E 0LZJ TG05 K8KO N9,12/01/2026
337941612016856,americanexpress,GE67 SO22 0107 8026 5897 69,06/07/2025
5100173379127395,mastercard,FO51 0063 4858 0418 32,27/06/2025
5100170189343089,mastercard,GE78 FR99 5225 6735 8733 84,24/10/2023
374622775502825,americanexpress,SA41 22C2 YRQS F3P6 DHBT CKF9,27/04/2024
5100137756372080,mastercard,FR16 7015 3812 69SK RC7R O7PP A63,01/10/2025
374283716385570,americanexpress,MD61 POPQ 9JXU XQOB GL9X RS5N,07/09/2025
5100146921467576,mastercard,FI85 7572 2418 7195 71,01/02/2024
374622701830670,americanexpress,GB17 DWPQ 9390 6562 6277 76,04/11/2024
5100133786103421,mastercard,IE49 PCHR 2454 3326 7192 89,27/09/2023
374622085421567,americanexpress,ME87 6671 9113 5842 6609 51,20/06/2023
374622055881220,americanexpress,VG39 NQQJ 2811 4389 0857 4874,06/11/2025
5100148705040447,mastercard,RO07 IQSL OBQZ XSVL EQSI MNHL,11/09/2024
337941149166505,americanexpress,ES37 4974 5060 2195 5810 6968,25/06/2023
374622667948383,americanexpress,RO31 WNJM 4AH7 LYMK FKMV 8TJN,18/01/2024
374288339980228,americanexpress,FR94 8034 4649 84QY FM2R RQ0W U89,01/04/2024
337941307817469,americanexpress,KZ66 7202 GSHL WR1M IHIB,10/09/2024
374288569782575,americanexpress,ES07 6771 1847 2540 3310 4157,04/05/2023
337941567372387,americanexpress,FR84 3282 3337 586B OVCB NQE9 N48,04/09/2024
5100139783799301,mastercard,IS23 5517 9824 6393 8062 2663 63,11/07/2023
374288213512964,americanexpress,EE35 8005 1867 8356 3869,23/10/2025
374622584859986,americanexpress,FR43 6133 2260 35TJ YTQL PBIV L61,24/11/2023
5100140924047220,mastercard,DK59 4729 8214 5399 16,23/06/2024
5100138894581368,mastercard,MK45 866W ZLOL Z2KF U93,29/07/2024
374622758524218,americanexpress,SM58 K421 3728 459J 6CGB NQB4 SFD,07/10/2025
5100145124043572,mastercard,IS60 9684 1190 8759 9818 9979 73,07/08/2025
5100133479245869,mastercard,AZ95 LPAA YVL0 GXNT TI6Q NK8V 4BYF,29/01/2024
374283744642026,americanexpress,MK66 904H YJJK KRNW K59,15/01/2024
374283063664528,americanexpress,ME61 2110 8888 1983 1118 08,06/02/2025
5100148912632440,mastercard,HR79 6595 6881 8617 8082 1,16/05/2024
5100172518109181,mastercard,FR56 1134 9391 80NG KF6X UFGM 219,18/10/2024
337941215749309,americanexpress,FR76 6029 5603 12E9 J1GT BES0 S07,17/10/2024
5100143058520608,mastercard,HR55 7017 2132 4322 5306 4,05/03/2024
337941341978087,americanexpress,CY47 0649 0508 CF1H H3FR 3WI2 SGJW,04/05/2023
374622808838196,americanexpress,MC27 3989 9095 123K NLNH 9VYV L24,27/06/2024
337941643730137,americanexpress,RO29 DNKB DGG6 U03K 9SNO Q6FO,05/01/2024
5100179196422125,mastercard,PK56 FPQS TMGK CYNZ YXON 2BWX,10/11/2025
5100146565957346,mastercard,SI42 9206 5043 4967 453,19/11/2024
374622576207558,americanexpress,AD23 0381 3150 0DD5 J0CC IJI8,13/05/2024
5100133511892629,mastercard,VG68 LNOU 8073 3243 9336 6725,17/05/2025
5100174949259882,mastercard,GL17 6371 7824 6852 53,27/08/2023
374622628047887,americanexpress,DK43 0440 1491 7604 87,30/09/2024
5100148163293421,mastercard,FR05 4250 8533 33ZL Q4FX OBEZ V44,19/04/2026
374622017271098,americanexpress,SK12 7782 4700 4721 1899 0470,05/10/2025
374622926683565,americanexpress,MR33 8171 0119 7132 6008 2083 184,16/04/2024
5100178564071902,mastercard,FR56 0031 0402 14CV XEUT XYHD Z17,06/10/2024
5100145863585684,mastercard,FR82 8626 4169 86XA T7PW EWON W12,20/11/2025
374288817695272,americanexpress,KZ26 850N 1UPA ABSO 04L4,23/04/2026
374283980776611,americanexpress,MU63 AUOZ 8605 7876 7276 5406 025L IO,23/11/2025
337941071221666,americanexpress,LT33 1430 9249 4543 3572,01/05/2023
374622881505241,americanexpress,FR06 3719 9982 04KE BATG Z36Y 440,16/04/2025
337941905326962,americanexpress,IE32 HIGV 5466 5346 6475 41,07/08/2025
374622633216766,americanexpress,HU95 9672 4018 0988 1416 0526 7451,23/04/2026
374622931154784,americanexpress,BG33 LWIA 6196 98TR V8M0 VH,07/03/2025
5100141184333235,mastercard,HR18 9026 0654 8504 3434 8,05/07/2025
5100173366955451,mastercard,PK80 MPCB BSEY QXUC MXND ETEY,26/04/2025
337941063976798,americanexpress,GT92 FBJP 5WSY BATL WUQU PCHA AL08,06/12/2024
374622398082585,americanexpress,DK89 1658 0890 2479 85,28/05/2023
374622233295707,americanexpress,SE62 1848 5040 5998 9954 3180,10/05/2023
374622701920828,americanexpress,SI40 9125 8312 7457 469,08/08/2023
5100138425398365,mastercard,CZ49 2959 0744 0830 3475 2059,26/02/2026
374622511771338,americanexpress,PS82 DMHO B3HU 9BEO IOYF V8RD KICV S,04/03/2026
337941093410974,americanexpress,FR90 4804 1463 78CG 1RNO GNBI O54,13/06/2024
337941354619099,americanexpress,DK20 3218 7525 5292 76,18/04/2026
374622175977957,americanexpress,AE52 3185 9935 6951 8466 374,29/01/2024
374622104322531,americanexpress,FR85 5711 4532 00SS 7E92 PSIS 613,11/05/2024
374622058275404,americanexpress,PT04 8899 5214 2004 2461 5172 2,20/01/2024
337941627444051,americanexpress,FR14 9590 2500 04TT AWKU IFBR A99,29/11/2025
337941613317295,americanexpress,DK52 1961 3707 5258 60,04/11/2025
5100131505174061,mastercard,FR89 5496 1419 197Y 1DQL BLKR 159,20/10/2025
374283385167085,americanexpress,FR48 6696 4873 22KZ 9JQL C3BN H80,20/11/2025
374622877036540,americanexpress,VG43 WECQ 4753 1066 1185 3007,15/02/2024
374622015109399,americanexpress,GR59 7386 806E 21WX IR3A VQT6 PWC,14/10/2023
5100133974885938,mastercard,MD41 BA6G TBMY 0QTQ VVON DAM7,26/02/2026
374622330994079,americanexpress,LU20 970R 0YJU HDVF 29GJ,24/10/2023
374283097966345,americanexpress,SM55 A720 3380 552Y FWPI 9JSO PWN,06/10/2025
374288863737556,americanexpress,LU70 169T O0H8 DSVI BDL1,10/01/2024
374622162789548,americanexpress,DO43 HMBO 2220 9984 3984 6407 9130,23/04/2026
337941109207778,americanexpress,CH44 8391 2RX6 MW7O NAOB V,04/10/2025
5100170450296719,mastercard,SE39 7637 9846 2407 7631 8706,12/04/2024
337941480624310,americanexpress,IL03 2272 2389 0022 2146 074,13/01/2025
374288046772488,americanexpress,LU35 317R ZITY QZLS XNZI,30/06/2025
374283851696245,americanexpress,GT84 BPIJ LFHZ YIPW Z7MV TOLU LKET,05/06/2024
374622534794614,americanexpress,AL12 8439 2389 I3OX KFOP 9DM7 ZXMP,13/09/2025
374283071664213,americanexpress,NO60 5951 0987 231,18/03/2025
374283992840330,americanexpress,SI68 3824 9569 3749 759,29/07/2025
337941790048960,americanexpress,GR87 7447 789Q 8GDR LNDQ UJ1G X9I,10/05/2023
5100132199261503,mastercard,MU37 WEOK 9223 1334 7000 6380 013T OR,05/09/2024
5100145005609384,mastercard,FR26 9616 1350 00JF AXPJ ALYW U57,24/08/2024
5100178464079062,mastercard,FR86 3605 8867 07WG NIQQ Z5G0 H70,19/08/2024
5100178644727945,mastercard,BH83 JGBX SGQA SVJA VNTM TT,21/05/2025
374283131759086,americanexpress,SE36 3605 0338 6179 5849 7859,26/05/2025
374288943857044,americanexpress,CH08 1518 4EU1 XNQ2 CYST E,04/09/2023
5100173796646167,mastercard,MK64 223Q CRP9 0ZJJ T78,13/07/2024
374622077135035,americanexpress,DK34 2079 0048 6026 08,17/02/2025
337941126588440,americanexpress,TR30 7873 8SRQ HYYM M4H7 PZRE VU,26/03/2024
374283939988689,americanexpress,ES98 3313 0508 9104 7713 6367,08/09/2025
337941676420911,americanexpress,GR80 6072 621X FLGJ 4EHP VVO0 5ZV,03/07/2025
5100176793919594,mastercard,SK39 2546 7227 0179 0535 8860,22/02/2026
374288020303433,americanexpress,GR24 1719 328Q FRS8 Q13N 7MMT 20U,27/10/2025
374283654491125,americanexpress,BA87 2713 8938 2583 7789,08/07/2025
5100135719066286,mastercard,LI36 4440 0GFD FM1V EMTL 3,12/09/2025
374288136465910,americanexpress,MT28 OPXK 3733 3KHZ PXBD 04FV LLHD LET,16/12/2025
374288911509106,americanexpress,PT20 3349 1319 6235 8715 1252 1,05/09/2023
337941392177548,americanexpress,MR30 7992 4119 5488 9469 2584 314,25/01/2026
374622078809356,americanexpress,BE02 2597 8673 1776,11/09/2025
5100143041028032,mastercard,PS44 LJMH 2PAE 8JJC 6CAT 2WNT TOCC 2,29/07/2025
374283534511167,americanexpress,IL04 2475 0845 2050 1898 363,20/02/2026
5100170159366169,mastercard,FO37 1112 6516 7669 25,01/03/2026
374283040174179,americanexpress,KW71 KJOV 0XCR YERT 3BSJ UDET VTTH VF,01/06/2024
337941248623471,americanexpress,IT27 T058 9129 765X VCMB CIHU P2X,23/10/2024
374288356304823,americanexpress,BE03 3830 0704 3773,01/08/2025
337941899402449,americanexpress,LI13 8415 36MU QAIC XEKV I,28/11/2023
5100139840772564,mastercard,BH63 ILZR VEFL F5ET HDG7 56,01/01/2026
337941366482791,americanexpress,AZ12 ZCPN SK3M SASU FVI6 QTK9 VXTS,29/06/2024
374288923864879,americanexpress,AL22 1559 9277 CS5U VFPA RQPG QNW3,06/01/2026
337941518143879,americanexpress,GB06 IYYS 2836 8600 3865 47,29/09/2023
374622377860340,americanexpress,BR90 9038 8775 4746 4200 2095 742M G,05/10/2024
5100134646153846,mastercard,FR52 8058 7657 68QY YLXL 7KDT U12,13/04/2026
337941320679458,americanexpress,DK95 2072 8306 0766 35,11/12/2025
374288613845063,americanexpress,FR75 9281 5592 79IV NR2T CWIZ H62,11/11/2024
337941455323062,americanexpress,BA59 5000 9333 8096 9920,24/02/2026
374288409478939,americanexpress,PT70 2636 7248 8564 2454 9468 1,15/01/2025
374622130330789,americanexpress,FR02 1014 3945 62IB LFFA ZBSO V48,08/03/2025
374283896288495,americanexpress,FO37 4522 0534 9494 32,09/09/2025
374622205423923,americanexpress,BA36 9901 3957 6299 2640,16/09/2024
337941090242990,americanexpress,PL07 1173 9052 8370 2379 6200 1414,08/09/2024
5100133725440538,mastercard,NL66 XOAR 3196 7024 96,08/11/2025
337941629113498,americanexpress,VG27 CZGP 6622 1373 6362 6711,28/04/2026
5100137634460438,mastercard,IL04 5398 8243 1613 6365 409,16/09/2024
337941240628825,americanexpress,SI12 7359 3078 0261 048,29/09/2024
374622332003127,americanexpress,BG35 GTEC 7330 663R NZ6O LD,04/03/2024
5100172597530695,mastercard,MD87 8WGC ABQP JAUC ZXAA U8UR,25/02/2026
337941147076748,americanexpress,AE62 1126 9599 1892 2965 545,08/04/2025
374283326197795,americanexpress,GT30 ONWM KTC2 BRGD H0BK ZBFG HNAE,04/03/2024
374622044300944,americanexpress,BH37 IIRL OMQ4 NC7B WXVC JH,11/03/2024
337941444705767,americanexpress,MC21 0368 0874 55XD RKH0 0UVP H83,12/01/2024
337941319633029,americanexpress,KZ92 770Z VIGO PJEG MIMG,24/02/2025
337941758177876,americanexpress,GT92 7278 W1PC 4QPC KYTY PBUR 4BQT,26/01/2026
5100131520448839,mastercard,FR48 5389 2574 56OM F8UZ ZWW7 U18,20/12/2025
374283196585376,americanexpress,GE05 AV29 6241 9050 7274 19,21/12/2024
374622259575552,americanexpress,HR94 0639 8541 7731 2693 3,10/11/2023
337941086657656,americanexpress,FR66 7094 0055 96R6 YJZN 03VT V28,01/09/2024
5100170725258585,mastercard,CZ45 0460 6760 4726 5007 4242,12/03/2025
374622785095745,americanexpress,GI20 CYPT PY3B 9JZJ KDCA 0BH,18/03/2026
5100144061299784,mastercard,TN09 4191 4463 6507 7743 2025,13/09/2023
5100176438915007,mastercard,AE53 9083 9111 7805 6039 045,25/03/2026
5100139320262532,mastercard,FR39 4153 7601 57RM JHZF 8K86 Y08,25/11/2023
5100172416048580,mastercard,SA78 37HJ IBEB VRW0 W3NT PAOS,02/10/2025
5100174900716383,mastercard,FR90 2175 5228 28E3 KGPL 2D4K W34,09/03/2025
374622394958648,americanexpress,DO81 E54K 9888 9180 2181 5302 2714,14/01/2026
374622830890918,americanexpress,ME45 8171 7113 1478 0696 62,30/05/2023
337941296004608,americanexpress,MR20 1125 7556 7258 5416 8261 741,01/06/2025
337941317858958,americanexpress,GR70 9772 278E UXXE ADMF PY8F 9XI,29/12/2023
374283770519049,americanexpress,SK88 9089 2976 7389 9347 4950,27/05/2025
337941602574716,americanexpress,GB79 YKNQ 1363 5147 6628 63,28/06/2023
374283143822732,americanexpress,CY22 3456 9836 VWFJ 8JAL 09JQ U8GQ,17/05/2024
337941947400593,americanexpress,MT62 IBMN 6497 8390 N4BG RRPE CHXP XCT,25/05/2025
337941092847705,americanexpress,AZ94 VGUS 3C0Z 8ZDB SJVZ HBEE CBC1,05/05/2024
5100135286800323,mastercard,BE44 0197 5629 2432,24/06/2024
374622986949104,americanexpress,TR44 7398 0PXO BA2N AMDB JLQH 7P,28/07/2023
5100175624923882,mastercard,DK45 5376 0593 6754 32,15/04/2026
374283359992492,americanexpress,PK43 CTGW EN50 74MO NDYA D7NC,27/08/2025
374288216916857,americanexpress,BR27 9583 8984 7281 0451 8334 813D K,26/08/2025
337941575071591,americanexpress,CR28 0263 5332 6825 6701 0,21/01/2024
374288220819022,americanexpress,CZ93 1461 1143 2332 6158 1522,30/04/2025
337941450598130,americanexpress,PL93 4546 7732 3949 4198 1290 3818,17/09/2023
374622600272545,americanexpress,FR10 3343 2143 07BV 9BJW 9VJG 460,13/03/2026
5100148412456589,mastercard,GI78 IHFA S0LV ZIFK UYUC QAV,28/04/2024
337941791245292,americanexpress,BA88 7870 3878 3600 4740,13/04/2024
374622854032231,americanexpress,KW17 XXGU KLTS STKM 6XIP SV8U D8V3 EJ,08/06/2025
337941212354087,americanexpress,DO34 ZWYD 1342 9557 5481 9620 4343,29/06/2025
374283138849906,americanexpress,CZ82 1126 1028 2737 4241 6286,15/07/2023
374622980194830,americanexpress,CR02 9652 9725 9862 0650 8,26/05/2024
337941125334234,americanexpress,FR23 2295 6319 32RL VVD5 PKXC X84,26/04/2025
5100144713617573,mastercard,DE63 9521 6809 3393 9591 12,28/03/2026
337941327433370,americanexpress,PS23 JBVI CLJ5 NGOS BL97 QEUO 7ZTK P,11/12/2025
374622337348048,americanexpress,GR34 5738 621U 1FDD BSAT DAJP L9S,04/02/2026
337941905420781,americanexpress,BH19 TVZM TBA8 306W HL0T 7N,22/07/2024
5100143570807921,mastercard,ME26 8483 9846 9003 4289 38,30/04/2023
5100146761419554,mastercard,TR61 3912 3ZDD NQTL 9CXP WTRC 47,23/05/2023
5100147439403228,mastercard,PL15 0357 9748 1976 3879 3273 9429,24/07/2025
5100177449375314,mastercard,FR22 2199 4891 58FK WYRQ 9TQ8 735,13/09/2025
5100142959889328,mastercard,LV32 KIXB I7YB C9PO GHMK O,26/01/2026
374283603231580,americanexpress,GT70 333U SEYD BLLU B6JM X3WO MCR7,29/06/2024
337941294785109,americanexpress,BG54 MJIP 2697 68PB XKUX SY,29/01/2025
337941532536280,americanexpress,SA97 45ZS L0EY CLVB 94C7 9RNF,31/10/2025
5100172082146171,mastercard,BE80 9530 6442 7510,08/08/2025
5100145529232887,mastercard,KZ83 589D HGCE SJAE 3AIM,08/07/2023
5100148677169257,mastercard,BG22 HEEK 7474 67AN 77JU QF,09/02/2024
337941877641794,americanexpress,LB61 5616 13O6 FNJX AT0N XRKW U0T0,07/11/2025
5100136786356030,mastercard,NO36 3950 3197 691,09/07/2024
5100145223801870,mastercard,FR29 2249 1353 726V CNH6 YDBO L12,15/04/2025
5100136258942465,mastercard,CY41 0316 1957 SNI5 D4H0 EP8V UTA5,30/06/2023
5100172866146124,mastercard,AE89 0976 0658 3824 1642 438,22/11/2024
337941391429676,americanexpress,MR08 6268 6645 1418 6916 0536 203,23/01/2024
337941564827557,americanexpress,PL94 7002 4708 4066 4372 6423 8812,05/12/2023
337941097645344,americanexpress,GR88 7963 508M QQEH QRBM 2B4A EBP,20/01/2025
374283916677032,americanexpress,FR11 6336 2421 54NJ 4E2R Y42V Y58,31/12/2023
337941948019871,americanexpress,NO54 9651 6493 838,10/02/2025
337941658823439,americanexpress,PL34 3410 0336 2639 7230 8099 1086,12/05/2023
374283431759018,americanexpress,LT44 8318 3901 4917 0720,04/06/2024
374622295320922,americanexpress,GB62 WTYN 1065 3755 3644 92,14/12/2024
374288952679800,americanexpress,TR25 6692 1ITH NFTR LX3I 2MFZ 5A,13/03/2025
5100172099334653,mastercard,GL42 4318 1542 2698 06,26/06/2023
374283903896363,americanexpress,PL47 3526 2790 9500 0365 4701 3420,20/06/2024
374288698771747,americanexpress,NO46 8866 2875 208,05/04/2026
5100130802283211,mastercard,KW93 LMUJ XHYO HQLK KVU9 O8LN BCQ2 WJ,06/05/2023
374622076247450,americanexpress,LB48 7748 XP5G ZVD3 AP10 OCJU 5U2D,07/04/2025
5100148327693110,mastercard,MC32 1452 5120 18T4 7I33 HCZG B95,19/04/2025
374622322268839,americanexpress,NL57 FQMN 2438 5007 27,22/10/2023
374622429049413,americanexpress,FR46 1041 4521 013D BXUT 4ZGO 448,03/09/2024
337941240283159,americanexpress,CY83 1570 2840 ET2M YQSA 9IZY NNBF,05/05/2023
5100133543185497,mastercard,AE27 8546 5596 0893 8685 857,10/03/2024
337941430607944,americanexpress,FR55 6987 9533 11A9 KPSO EWWO J46,28/11/2024
374622695480094,americanexpress,NO05 9357 8809 368,14/10/2025
374283119648822,americanexpress,LT39 5826 2436 4212 9666,01/03/2026
374622957153561,americanexpress,MU30 FODE 0135 3975 6528 4253 890O BB,25/10/2025
374622595941005,americanexpress,PK19 TFMX EBPZ SFFQ TDLL ZDJN,16/09/2024
5100177517000935,mastercard,LI21 9425 2VSC WVGL SFPG O,04/02/2026
374622813187621,americanexpress,GE67 KF31 1338 3538 0083 09,17/09/2023
5100171974737287,mastercard,FR31 7690 8228 89YN JYNK GRUM G66,19/05/2023
5100171638099330,mastercard,AD25 1963 1862 KGJQ ZBCM WRON,16/08/2024
374622241434157,americanexpress,KW35 YHOM 1XFS MXYB LYZI LGCL MZ4Y DP,09/09/2024
5100135075740193,mastercard,GT98 EAEK W3AE 1D41 YSYB WZJP PV7Q,18/06/2025
337941988402946,americanexpress,BE71 9151 5691 6621,07/12/2023
374622493049802,americanexpress,GT18 IFE8 9ZMR IOK2 WR7I ZJEP VPAD,31/10/2025
374288157872507,americanexpress,FO29 1113 8044 6277 94,25/06/2023
337941847004651,americanexpress,FR79 1338 7843 181Q V4VS SKOD T02,10/01/2026
5100142567960487,mastercard,FR35 9457 9573 05TL 1GAR QQ7Y G55,07/07/2023
337941375814414,americanexpress,AZ45 BEIX SXUI 0UKX AQVM IZFC KG3L,18/05/2023
337941633150486,americanexpress,FR06 8762 1164 992H ZCEX DGSR D63,19/09/2025
374283394287577,americanexpress,DO55 JZQO 4510 0771 9341 2617 7748,07/03/2024
5100142026474369,mastercard,BG24 KQWL 8087 85JF Z1QH KK,30/12/2025
5100130085856394,mastercard,NL89 DEPC 4846 0665 20,19/11/2023
374283673559134,americanexpress,DE93 6095 0995 0744 8068 89,27/10/2025
337941489146398,americanexpress,FR05 8445 6842 647P AU1I TCF5 E85,27/03/2026
374283927006114,americanexpress,NL38 JGPV 2542 5355 40,27/10/2025
337941639833960,americanexpress,FR86 8993 5509 446I TI2X HEXO F81,28/02/2024
337941398730472,americanexpress,KZ64 6395 PWOK 5WGK AFHV,10/02/2024
374622232530203,americanexpress,SM03 P071 9373 257D PLSN 8BOI BBN,21/02/2026
337941618330640,americanexpress,TN89 9304 1465 2288 5326 1904,21/06/2023
5100143070973447,mastercard,KW55 MGUE A9YF DFO6 VVXI ASWA 5KQO T4,07/09/2024
5100149825999066,mastercard,CR59 1482 5567 2014 1872 2,21/02/2024
5100139867877791,mastercard,SE58 4144 7757 8393 5346 4953,24/09/2023
337941490946323,americanexpress,CH85 4959 1Z7I CMUM PSOE Q,15/06/2023
374283236341558,americanexpress,LT54 6500 7734 3092 1674,01/08/2023
5100140496050248,mastercard,BR11 1591 6992 1505 6503 8497 419U H,18/03/2026
5100136696442995,mastercard,CY36 9341 2470 OTZ4 9SZT U7GA NKHS,30/09/2025
5100177032419529,mastercard,ES98 2574 7854 5370 2486 5767,16/02/2025
5100173970271451,mastercard,KW47 OUAC DFA4 MCWG KZXO 0ZR4 FTNR IY,24/12/2025
337941571730760,americanexpress,FO67 2076 7857 4716 76,10/08/2024
5100171615993372,mastercard,IL30 4134 0067 3243 4321 027,20/12/2025
5100146290760262,mastercard,SE90 5924 8340 8344 9877 1784,17/08/2023
374288969436111,americanexpress,FR41 0835 4432 34XL YCEC N2HR K84,06/07/2025
374622010893351,americanexpress,GE31 IN47 5482 5298 9777 66,16/02/2025
5100173297765060,mastercard,ME02 4132 0192 1160 7701 52,15/02/2026
374283943265827,americanexpress,PS33 EVVK LM89 7RML PYNW NKNZ 3KIC H,22/03/2024
374622343420377,americanexpress,CY17 5647 2668 ZTSM LFKP PC6X PZAZ,20/05/2025
5100133587182772,mastercard,HR64 1557 1101 9349 3655 6,14/05/2025
337941212838618,americanexpress,LU55 308K E9CR LYBM ZP4E,09/04/2026
337941610151903,americanexpress,SA44 8609 IHCQ ORXL DUXQ HLQD,01/04/2026
5100172305150760,mastercard,BH62 KZAF GI2Z 6F9M HGIR HK,21/07/2024
374288794886340,americanexpress,KW56 JDIB Y4M6 6TRK P0HC JPWT EFC6 SD,02/12/2025
5100176399835061,mastercard,RS49 9115 9043 3943 2281 83,11/05/2025
374622198325598,americanexpress,FR92 7664 2456 16PB WOZE MTG1 209,29/09/2024
374622952787686,americanexpress,KZ21 924Y KTPC HL3M GZYD,04/03/2024
374288004644919,americanexpress,MU95 IACW 4262 1105 6678 1284 731H ZC,31/03/2025
374288961868741,americanexpress,FR96 3705 8676 33ME E02Q TD0M L84,29/03/2025
374288255868704,americanexpress,ES85 1395 3057 3960 3655 7575,27/05/2025
337941932994220,americanexpress,LU32 063E FTCA CM1U G6FA,12/08/2025
374283210618203,americanexpress,GE61 PD40 8050 4378 9429 50,23/12/2024
5100134079863796,mastercard,BR48 7652 7188 1240 4502 0597 424Q P,06/08/2023
5100136388359259,mastercard,FR34 3409 8405 08GD ABEY AFJD S95,11/01/2026
374283894752179,americanexpress,HU25 8948 0657 3121 3973 1020 1978,27/01/2025
337941541203997,americanexpress,NL34 YVWJ 6900 6197 71,02/03/2024
374622496806448,americanexpress,FR94 2887 5356 81CS J5FC JNSQ N08,28/05/2023
374283962214474,americanexpress,FR75 9480 8111 665C CVAI 0PII 238,05/05/2025
374622903979713,americanexpress,LV93 LMSB PK5G QHRY UANK D,01/04/2025
5100138845950167,mastercard,CY02 8755 8607 52JB BVJU CFDD QYWG,01/02/2024
374622389093310,americanexpress,AZ02 WFGY PSYC ZSGZ VY24 E8LU TKK8,23/04/2024
374288797209276,americanexpress,DE36 4952 9141 0218 0455 87,03/05/2024
374288609800684,americanexpress,AD13 6228 4747 RMPW 0EMJ SE9B,23/08/2024
5100171134438388,mastercard,TR77 5028 1IDX HIFA 2EIW ZTHC VK,07/10/2024
374283967338047,americanexpress,MK08 005Y OV6N UJ2Q Q29,25/12/2025
374288960139607,americanexpress,SM40 S225 7172 391W MY3L RWMF QTZ,28/04/2024
374288464539864,americanexpress,GI73 CDQZ VR6H MQAK BOVB Z8N,09/04/2026
374622979561619,americanexpress,RO28 SKTM 4HMP B5YX 4XFT 7WVA,05/02/2024
337941295079536,americanexpress,AL22 1701 6119 A63O YGDU BFYE KK4F,06/08/2024
5100179611165325,mastercard,DK88 3839 7517 2406 92,27/03/2024
374622215059048,americanexpress,MU46 QFJJ 7648 8786 0837 6649 564P BL,15/04/2026
337941144160677,americanexpress,BG91 TZJJ 1182 00UN XVMQ P0,24/10/2024
374622148654766,americanexpress,CR85 4364 0327 2803 6985 5,14/02/2025
5100146344887541,mastercard,IT21 G178 2672 829P LNX4 HZNT LQE,12/09/2023
374622626318710,americanexpress,SI02 3526 3529 7373 580,15/04/2024
5100137021372394,mastercard,ME10 0395 2574 9430 1107 60,08/09/2025
337941422908086,americanexpress,CR42 3251 9540 5547 6508 4,17/10/2023
374622721272523,americanexpress,FR20 5796 3735 47YF 62KZ CXHU V35,24/07/2023
337941476186761,americanexpress,IE69 FLGD 8624 5980 6525 82,24/02/2026
374288783802951,americanexpress,TN86 4218 0368 1704 2624 4934,09/08/2025
337941559287924,americanexpress,MU27 LCIY 0779 8225 8791 6560 710D GZ,18/11/2024
374283430817676,americanexpress,GL44 5417 0675 4726 13,04/11/2023
374622111829544,americanexpress,FR36 2006 6128 03PR 6ZRY BEKS M33,14/10/2024
337941842833559,americanexpress,SE57 7728 6223 9735 1947 9593,14/12/2023
5100143203281668,mastercard,SA27 94LS MVCI NRSU HLNY XDZD,10/06/2023
5100132944777464,mastercard,IE02 JLVP 0978 7422 8587 37,17/03/2026
337941605463115,americanexpress,EE85 3496 5988 0537 6311,14/12/2023
374283277938916,americanexpress,NL62 AFQV 9762 4475 26,23/03/2025
337941708392088,americanexpress,MU78 GYBE 2872 8397 9673 8013 043U OB,28/09/2024
337941302845523,americanexpress,FR10 2762 1634 65QJ LGPJ VA4K U56,27/11/2024
374622616364963,americanexpress,BG96 ZSUN 9617 04MY 2MUO PA,19/12/2025
374288651661612,americanexpress,NL47 RRAC 5859 2534 88,04/04/2026
374288197085425,americanexpress,DO24 JSO1 3411 9569 3085 0909 6697,11/03/2024
374622779205789,americanexpress,BA33 8502 5168 0920 0169,17/07/2024
337941615656971,americanexpress,IS68 2744 1483 5796 7288 6985 39,29/02/2024
337941331279744,americanexpress,PS29 IPKJ QGUF ZMKM ME9Y V2PI I7KI U,17/03/2024
337941056219776,americanexpress,BE93 2972 1596 6781,07/08/2024
374622409084067,americanexpress,FR19 4485 5447 87SJ XOL3 T2EE Z68,21/05/2024
337941143287794,americanexpress,FR35 4624 5259 89NG 5XSQ RTWM G08,07/10/2025
374622094840682,americanexpress,CZ53 8506 1227 0668 7418 1886,23/08/2024
374622411875619,americanexpress,PS12 EXJY BUPH ZVMI ULEU DA8B ZLBO E,30/05/2025
337941775789851,americanexpress,IT33 A321 4765 452K BIDR 0OSR LU0,28/05/2023
374288733601263,americanexpress,DE69 0036 3594 1621 9463 78,30/06/2025
337941773646905,americanexpress,GB60 DRMO 6196 7349 4984 77,31/07/2023
374622532636924,americanexpress,TR21 2664 2KJE BLFB WMAI QF92 83,18/04/2026
5100175500923170,mastercard,FI26 4141 4715 8048 11,26/05/2023
5100135933413694,mastercard,FR31 1824 0099 80JV 1S9S RNYR M42,29/06/2023
337941189717910,americanexpress,PT86 4498 9360 9967 8663 5649 1,10/03/2025
5100172803302525,mastercard,GT54 FMZP DBNN 7QGB OY5V ZDHI AB83,27/02/2026
374622439441618,americanexpress,SE08 0503 3563 5824 2336 4167,08/04/2024
337941908184475,americanexpress,NO89 3874 2605 575,01/09/2024
337941127140878,americanexpress,MU14 XMEO 6362 5466 3237 5866 160N OX,10/01/2024
374288814870993,americanexpress,SM86 K604 6276 773T WI4O GBEH ZL4,11/06/2025
374283626119606,americanexpress,GB50 JRJJ 7402 1953 1232 57,10/12/2023
337941743553959,americanexpress,MR97 3928 6516 6352 6447 6703 421,14/06/2024
374622118616282,americanexpress,BR55 3116 2674 5242 1077 2626 518Q S,17/01/2026
337941244851902,americanexpress,PL71 2507 6133 3863 6873 9078 6010,04/02/2024
5100132692718033,mastercard,MK56 509L EXFL TS3R F50,20/12/2023
5100146075369867,mastercard,LU72 059U ITNV YV8C AJTO,09/12/2023
337941133389840,americanexpress,MK31 247J 33UY OROH D87,30/11/2024
337941771947255,americanexpress,IE46 OWFT 3393 7851 0118 94,13/03/2024
5100148515995566,mastercard,MK32 106M GVGT EUIZ D51,05/06/2024
5100130352664265,mastercard,GE64 OT41 8015 4574 1680 86,13/04/2024
374622650934226,americanexpress,HR69 2237 4769 1077 9245 5,11/08/2025
5100141262217375,mastercard,PL88 6052 5795 5641 4285 7622 9668,15/11/2023
374283898049192,americanexpress,VG24 YXHN 8671 3931 5723 4557,25/04/2024
374622300687489,americanexpress,EE45 4391 1694 9757 1687,25/04/2024
374622192737731,americanexpress,CR45 0085 1183 9076 8981 5,01/11/2024
374288387482978,americanexpress,FI89 3626 7395 1905 57,31/08/2024
337941476967483,americanexpress,GL15 8302 3924 1064 04,27/05/2025
374283742827520,americanexpress,FR56 6373 6175 845B QSJJ NQI3 Z23,17/06/2023
5100134016769817,mastercard,FR03 7885 3927 44LP WZOW XJDD Y96,04/12/2024
337941831691596,americanexpress,KZ97 556Y UY0R AB7E Y4OU,25/01/2026
374622921959598,americanexpress,LU03 501U ANMD RRTW K6NP,27/07/2023
5100149775513024,mastercard,IT38 D105 2924 612N S8NV YV4E PVX,28/06/2023
374288522263291,americanexpress,RS91 2911 1632 0726 5242 44,16/06/2023
374622493477995,americanexpress,BG85 RDOJ 6666 77OK Y9XI ZM,24/06/2025
337941495711094,americanexpress,AD88 0007 8700 8BH6 GODY 3K6Z,17/10/2023
374622288543720,americanexpress,NL26 ZEFN 7383 2638 23,08/09/2024
5100177079982942,mastercard,SM63 P973 3681 951Q FCEW 2OSX UUW,09/02/2026
374622695575158,americanexpress,FI56 2588 7989 1804 82,16/05/2025
337941733098650,americanexpress,CY25 8338 3528 C1LW FO9E NOOU IJIS,12/06/2023
374283490806940,americanexpress,FR17 0577 2604 63CP JR8S ART5 S64,10/03/2026
337941464030914,americanexpress,AD35 7239 9297 DYVX ZM2A VYAL,22/02/2024
337941568683147,americanexpress,MR79 5241 6815 3050 7529 1274 910,05/01/2026
337941027969061,americanexpress,IT03 U035 1503 340M 3RNW B6DD S9W,21/12/2024
374283268696416,americanexpress,AZ83 KKBF GWDB AUGV FGPU C8X0 EP1Y,02/07/2024
337941592397987,americanexpress,MT06 LFYV 4359 7EQR VWFA OA9B ZV6U 7XO,11/09/2025
374283687229062,americanexpress,FR54 1799 3138 097X NIZC IFG5 X40,16/09/2024
374288060960423,americanexpress,NO87 8304 8377 409,15/08/2023
374283291442879,americanexpress,ES23 7831 5162 5543 8521 2953,30/10/2023
337941266285906,americanexpress,FR42 1645 5913 79LY ZLRQ 1H5T P44,30/05/2023
5100171810317500,mastercard,LT75 7643 9315 8863 4415,16/12/2025
337941250304598,americanexpress,IE24 TPKV 9538 1166 7123 36,24/09/2023
337941929748480,americanexpress,FR45 1652 5231 41OY CC6B 5JDL B43,01/08/2024
5100131738222489,mastercard,MD09 P4II Q6SB NLLS YAMO 8OCJ,15/12/2025
374283370422727,americanexpress,SA59 49DK 8O2N YWNS ME28 XWPO,01/02/2026
374622163977845,americanexpress,PS12 XCBC QD17 JLZT PII7 OPFM HEGW Z,27/06/2025
337941833811291,americanexpress,SK18 4582 6108 9670 3404 5142,29/12/2023
337941106808776,americanexpress,SI78 8233 8160 6260 297,20/12/2024
337941497991496,americanexpress,AT71 5377 7780 1118 3306,28/05/2025
5100137869958742,mastercard,GT39 GKAA S9IS WB9J ODZ4 VSML 3XGA,09/01/2024
5100147213403212,mastercard,FR61 1298 0544 05JF EHBR HXTQ 594,14/04/2024
5100136667790059,mastercard,SE07 3449 4240 0516 8238 1553,13/01/2024
374622213378887,americanexpress,PK96 JKER TLVQ V9MF BVRV BGYY,01/12/2024
374288755506614,americanexpress,FR83 6737 6016 503J CNO1 CEK6 Y92,03/08/2023
374283302517404,americanexpress,FI87 8817 6742 0521 26,20/01/2026
5100130281351679,mastercard,CZ89 3841 9241 0071 0284 5435,11/02/2024
5100142848155998,mastercard,LI55 3064 1VVT LT2E 5AU6 5,30/07/2024
337941407232387,americanexpress,SM80 W161 8637 831H GRZX QQXO 1BU,09/01/2024
374622430452176,americanexpress,EE86 6875 6445 7714 9273,18/02/2025
337941163838963,americanexpress,KZ51 400P QNBE EQZK OHQC,28/08/2024
5100146263004169,mastercard,FR98 7630 5380 47AE PXPG 23RP V29,18/01/2026
374622610379660,americanexpress,MR92 6357 9530 0704 0685 2203 559,26/03/2024
374622853075389,americanexpress,RO90 STVV UBKJ ACR5 2GHC DHZK,04/05/2023
337941812575339,americanexpress,FR32 8882 7328 01X8 2JLI BSAO M58,09/02/2026
374283775844772,americanexpress,FI43 0091 9995 0614 06,30/08/2023
374622178388129,americanexpress,AL16 8374 2089 RXZS OAMI VJRP 1TZB,22/02/2026
337941523598588,americanexpress,BH09 BDAC JMKA AYLC RRGV 97,09/04/2025
5100132556449592,mastercard,PT77 6597 3772 8371 1094 8488 4,22/05/2023
5100130397109870,mastercard,GE70 HJ59 9484 6754 6893 63,14/01/2026
374288963089874,americanexpress,DK47 9895 5727 4696 74,09/04/2025
374622588927383,americanexpress,CR84 4589 2874 8861 2822 3,14/02/2026
337941253364730,americanexpress,CR55 0226 5039 7339 9053 3,24/04/2025
5100149432754441,mastercard,MK49 554X FESU ONZM P23,24/01/2024
337941132002345,americanexpress,PK33 CWMZ D7HW 9OU0 RLO3 M7YJ,24/03/2026
5100137622191565,mastercard,LB59 5991 CKCD BLPH AUNL 4CCQ OIKY,31/07/2025
374283000332031,americanexpress,FI93 6127 1039 2347 95,21/02/2024
337941770875986,americanexpress,AE24 3285 6746 9654 5449 904,06/03/2026
337941131297680,americanexpress,CY76 9900 6922 ZZNN BCN5 2NYU 85QB,31/12/2025
337941191849255,americanexpress,IL31 1348 8385 8660 1284 469,18/10/2023
374622146654057,americanexpress,FO38 0074 3816 5141 15,25/10/2023
374622217872828,americanexpress,ME13 7640 7812 2713 5227 69,30/11/2023
374283496656174,americanexpress,DE66 8475 3029 0228 1116 65,06/12/2025
374283110440591,americanexpress,RO92 FWZH WRON MJNO LGZ6 DJYE,19/10/2025
337941198037391,americanexpress,GB64 HKHE 6210 3771 8738 86,20/05/2025
374622370457854,americanexpress,SK40 6943 5859 9759 8497 4008,18/06/2025
374622600542624,americanexpress,IL25 7869 8883 0404 5536 159,05/09/2023
374288664762753,americanexpress,GB28 IWFG 3481 4895 8420 51,14/06/2023
374622755311569,americanexpress,MR91 7085 8976 0356 4798 3133 594,02/03/2024
374622112354401,americanexpress,BA76 5010 8201 0588 0180,19/01/2025
374283529114928,americanexpress,AL18 0708 5364 OOJD CIW6 BHPF TKZM,15/12/2025
5100140831964392,mastercard,MU64 GTCR 2735 1947 1161 6004 928D TW,19/11/2024
374622387802316,americanexpress,KW92 KQWN 3IMC R0GG GRIS OXW3 I2FJ 1Q,02/01/2026
374622650700619,americanexpress,ES24 4729 4178 9053 3934 1432,17/02/2025
374288453506734,americanexpress,BH50 PNCQ E9DT JUZJ ATTD Y3,06/01/2026
337941767390486,americanexpress,PL46 7561 0194 2685 9946 5922 6020,07/05/2024
374283943029249,americanexpress,KZ33 304X HW60 WF99 XPKS,07/09/2024
374283084801679,americanexpress,MR19 6826 4923 0199 9382 5563 397,17/08/2025
5100142742654146,mastercard,FR12 4657 9110 72LN ET0G GTNF E77,08/07/2025
337941839909487,americanexpress,MT88 OROD 2050 2AYT JAE0 HDTH 7ZPC DSE,13/02/2024
374288954108196,americanexpress,GB84 QFNU 5134 7176 0302 08,24/06/2023
5100130367494542,mastercard,TN65 6367 2930 5335 6627 9319,11/02/2026
374288694924803,americanexpress,AD71 7125 5863 DK26 VNH6 QEFD,30/05/2025
337941751480954,americanexpress,FR55 7093 6215 94WQ PKYI D2WX A30,25/11/2025
374283585372196,americanexpress,LV94 NOMQ HSPI BAOM UQKG K,03/05/2024
374283105501902,americanexpress,CY58 4444 4733 YXY3 ZD6T JRWH WKFG,29/10/2025
337941906193841,americanexpress,BG85 LHHM 5671 76HJ YQAO KS,11/11/2024
337941385075386,americanexpress,EE23 8997 4794 6363 9942,27/10/2024
374622257413251,americanexpress,GL68 2113 3928 7846 72,12/02/2024
374622120262208,americanexpress,HR71 0352 8625 6367 4747 5,19/10/2025
337941692392474,americanexpress,DE05 0319 5925 1233 1144 80,25/01/2026
5100142382734737,mastercard,PK18 NBYX GACW RUA0 8VEZ THPZ,08/04/2025
5100176028325211,mastercard,IL65 4304 2634 2092 3660 858,19/12/2024
374283399127588,americanexpress,AL72 9002 7728 5B4E MOAK B1NO UFMD,21/08/2023
374288098257594,americanexpress,RS71 9888 5651 3049 1785 08,21/06/2024
5100138776244234,mastercard,IE59 QBHV 8023 3113 5708 99,24/12/2025
374283844735688,americanexpress,AE86 3827 9234 6051 9298 842,02/04/2024
374288958333386,americanexpress,DO59 Y6TM 1081 8326 9817 4259 4369,18/10/2025
5100148007120871,mastercard,PT84 1152 7360 4550 6605 7023 4,21/09/2024
374622020668827,americanexpress,SE02 1956 9585 9334 8906 6946,13/09/2025
374288009853804,americanexpress,LT98 8895 6078 2837 9124,28/04/2024
374622870851416,americanexpress,BH84 JPNR X7P2 IHKG YLKH L8,25/01/2024
374288113366768,americanexpress,MT78 LOAO 1865 4TRH TWWS R3PY ZMVE JBR,19/02/2026
5100170116053249,mastercard,CR45 5610 6374 3925 3252 4,20/11/2023
5100173969217374,mastercard,ES54 8798 2957 2549 1423 0284,15/06/2024
374622615010088,americanexpress,CR78 4185 7344 6198 7658 8,04/03/2026
374288751498832,americanexpress,ME21 0710 5678 6094 5318 78,28/07/2024
337941824309750,americanexpress,LU72 013S RBTI NGXO E7W6,09/03/2025
5100134048587401,mastercard,FR51 0966 3615 52NB X8BT O12R J25,29/12/2025
374283932820822,americanexpress,CR27 6943 8410 3627 3553 6,24/04/2024
337941987364964,americanexpress,LT36 0717 1065 5535 3183,26/09/2024
374622751749416,americanexpress,DE13 4033 2788 2993 1586 14,13/01/2024
5100146315745934,mastercard,HR93 6099 5849 2507 6296 4,29/07/2024
374288291195328,americanexpress,FR98 3186 4873 89MK BU8U E6SI S21,25/01/2025
5100131519496740,mastercard,ME73 4212 7676 6004 8045 10,12/03/2024
337941275429073,americanexpress,PL50 5153 9900 1200 0641 8469 2909,06/01/2026
5100141891825754,mastercard,MT40 FHBC 9489 78CH E8BN FA7W GDPT ABK,05/10/2025
5100147321358969,mastercard,FR61 5680 1471 73YS WGBL FHLV Y10,20/12/2023
337941782348675,americanexpress,EE52 7023 3877 4052 4831,18/12/2024
374622936991834,americanexpress,SA79 40H9 2Q8K HBJL QYS2 MHYG,01/03/2025
337941895034550,americanexpress,DO57 DCKT 4680 1710 1039 5072 6123,08/11/2023
374622351881437,americanexpress,FR19 9262 2634 58TW KRCH I0F3 C85,10/06/2024
374283905838991,americanexpress,IT17 W093 5592 001A SETE VYOL UPB,17/03/2025
337941220985443,americanexpress,SA10 05AL PP7I NTZH ODZQ LUAE,16/10/2023
337941687820182,americanexpress,MC06 0729 0345 06Z9 VGCX UI4K V80,01/12/2023
374288633173058,americanexpress,IT31 F629 9427 3059 ZAF7 GBED NBN,18/09/2024
337941479975269,americanexpress,AT37 1703 5621 0356 5605,23/08/2024
337941782303654,americanexpress,AE71 9390 3420 0765 3507 099,11/10/2025
5100132816230014,mastercard,GR08 6644 041K JQAZ RWWR CCVI FG4,13/05/2024
374622952281755,americanexpress,MC20 3884 4839 18W2 AOZ1 TIDR X82,25/08/2025
374622309339611,americanexpress,PT12 1536 4206 5854 9381 8729 8,23/05/2023
5100142821748504,mastercard,IT21 X746 6546 334G VWEC 0BRL SKA,11/07/2023
374622072503419,americanexpress,IT45 Q095 3123 057B JORT FLKX KH1,27/11/2025
337941376810890,americanexpress,FR25 5459 8998 67L9 Q2HQ 4NXB 975,25/07/2023
337941076301745,americanexpress,DO46 C7DI 0142 6490 0784 9178 9226,12/04/2024
5100145432476498,mastercard,NL56 CGCO 0852 2825 43,31/01/2026
5100130932762324,mastercard,GE59 CX34 0453 0512 6123 31,02/02/2026
374288431179562,americanexpress,PK31 MZMC TBL5 PPA4 CEWH 2UMR,11/10/2023
337941694676346,americanexpress,FR81 9519 8875 21S5 6CUS RPTC W43,14/06/2023
374622838670924,americanexpress,IS03 4079 6172 7810 8643 6879 26,10/09/2024
374622885104868,americanexpress,IS90 5245 1399 4200 7811 8586 60,04/04/2025
337941286512628,americanexpress,GB65 ZYCQ 1621 7659 9890 24,05/05/2024
374622733485097,americanexpress,SK14 4030 0163 5982 0613 1420,18/08/2023
337941387491136,americanexpress,GI64 MEXV A04K WB0G VJKK GKV,08/06/2024
5100173652544084,mastercard,BR77 6627 7973 8206 1114 4070 267L 1,22/05/2024
5100135642061081,mastercard,MT42 QZFT 3972 1Z68 O4Y1 WIAI XJU3 GKW,25/06/2024
337941430401272,americanexpress,DE32 9686 3290 2052 3665 88,13/04/2026
5100149776396536,mastercard,LU45 357X NHFA HNTE EDSC,19/12/2024
337941788030145,americanexpress,AD02 1422 7938 A1JC I2CB QSPG,10/08/2024
374622875669144,americanexpress,IE75 UKJR 5618 4967 6238 13,25/03/2025
374288474484523,americanexpress,PS08 LZZU S7ZT MU69 BLUZ FRA3 LGFY T,11/01/2025
337941953598108,americanexpress,MK91 693G 26ER MYGW T19,12/01/2024
374288472573285,americanexpress,VG67 TWUB 6072 1513 9687 8520,04/04/2025
374622502519373,americanexpress,CH89 1586 7DOP EZ1T 1AUA W,18/06/2025
374622580699170,americanexpress,MR98 7985 3370 8757 4666 2632 014,16/03/2025
5100141368938312,mastercard,AL76 4402 8225 4IAA T8PC JPZX ALWX,22/01/2024
374288377181861,americanexpress,FR95 3329 8649 98ZI YBR1 EMJ9 M26,28/11/2025
337941715704119,americanexpress,FR40 9132 0357 46J0 LJGS XQNH P85,17/08/2025
5100145325925403,mastercard,AZ36 KNIN YBSD F9OG 1NND PY3W IQ0Y,03/05/2025
374622975342345,americanexpress,ES16 2317 9954 7317 1355 4128,05/03/2024
337941578027723,americanexpress,CH67 2687 7ZBA KQ6D 0UNH F,19/05/2025
337941899018849,americanexpress,KW65 UQTB RAZK ML1F ICOU 5KIR TCWX YV,16/04/2024
374283150780831,americanexpress,FR75 3064 1247 11FL SOW7 B3ML M96,08/05/2023
374622701246083,americanexpress,LV76 EDLS KYKJ BI7B CXRG J,08/04/2024
374622072672032,americanexpress,FR11 6727 4992 31NC GNJ9 SLLI O58,13/08/2025
5100173469406840,mastercard,SA20 707L HSSF R12G CELS 7BIU,07/12/2024
374283190656561,americanexpress,FR71 1547 5708 61M8 XZFK RZXT 160,06/07/2023
374288171349748,americanexpress,CZ20 3264 4830 0252 3697 4223,03/02/2026
337941683883093,americanexpress,PK27 ILFG 26UD FS15 TXTK 3KFK,31/10/2023
337941988609466,americanexpress,LI86 2357 125L BBZJ NXIA 2,23/09/2025
337941835362251,americanexpress,MD13 O9XL ZEQS GVTW 4YHP BUPQ,29/01/2024
374622437237463,americanexpress,RS06 5409 2205 0215 3420 46,21/09/2024
374288825270795,americanexpress,BE83 0505 0388 4260,11/05/2023
374622433430617,americanexpress,SA54 91O8 45PB NY7M QWM0 HYZS,30/06/2025
5100140117867962,mastercard,IS27 5765 1815 3280 6844 7416 96,02/10/2025
5100174292177350,mastercard,FR41 8310 3694 445Y OZPP IT7A Q54,23/04/2024
337941769702134,americanexpress,CY97 7778 4775 H9HV 93AY RQ3V ZXMR,08/12/2025
374622600349798,americanexpress,EE89 6156 6831 9273 4528,21/10/2023
337941106599326,americanexpress,GI72 VDAS AWUH WUJT 8FSP DGZ,05/09/2024
337941901481118,americanexpress,DO51 WVLZ 2854 2402 7681 5140 3144,27/07/2023
374283341246957,americanexpress,FR11 5152 8833 21QE HZCH KNB7 X41,14/06/2024
374283436172035,americanexpress,RS73 4522 9752 9570 8717 48,14/05/2025
374622316490613,americanexpress,NO48 3845 0755 429,02/06/2025
374283502411952,americanexpress,AT28 3983 1768 3077 0115,22/04/2024
374288711551712,americanexpress,LI43 6591 7VGE IIQD MBV0 S,07/02/2026
374283856178645,americanexpress,CH18 2818 3PFA 3QR5 Z06E S,10/05/2024
5100130233722472,mastercard,TR46 4780 5SPF SMAQ ZCEA JES4 HX,14/02/2024
374283538892563,americanexpress,BR38 7234 4447 4126 4937 6864 298J K,19/06/2024
374622962155270,americanexpress,AL93 5858 1011 93HA QLZD 1GKR 0UFI,28/05/2025
374283658594783,americanexpress,BA78 7001 2185 2442 5708,19/11/2025
5100138062457391,mastercard,AD93 5555 3436 M8CY LTNY A7XS,18/09/2025
374622728620534,americanexpress,LB58 7980 FESG TDIK FSAY QVHJ X04B,09/06/2025
374622336141345,americanexpress,IS70 0689 7084 9953 8691 9137 19,31/12/2023
337941052268298,americanexpress,AL38 8050 5162 DESX N0YM IDQX 1EYO,07/06/2025
5100172265110911,mastercard,FR69 8160 6665 13NK 4VC6 G5FV M88,08/11/2023
337941037061925,americanexpress,FR53 1030 2461 74UW 0BQ2 LSZK N43,17/04/2026
374622789074894,americanexpress,FR38 0084 0521 66ZR GGQW SOZ5 N46,17/05/2024
374622297932880,americanexpress,MC24 0757 2667 82JV H6UO AZWT J83,21/06/2025
337941739257789,americanexpress,FR25 9930 5987 35DY F7BY RICP X81,08/05/2024
374622169939419,americanexpress,AD58 8756 7969 F7PW KHPD C45F,19/05/2023
374622702980250,americanexpress,IE87 ELRI 1763 1664 9035 09,09/06/2024
374283219100336,americanexpress,LI14 9278 7C9Y LB9P 0UAH U,04/10/2024
374622752323997,americanexpress,FR52 5510 6851 144B QBBI TYUL 079,29/08/2023
337941310916787,americanexpress,FR16 9174 0750 41XI 1RLR UNE3 O51,25/05/2023
374288345662612,americanexpress,AL68 9740 5569 79KO GVPI BB2O K3KS,25/12/2023
374288934973099,americanexpress,LI52 8062 4OXY J3KB N2XC O,06/10/2023
374622074780445,americanexpress,MD98 YOHY 89EH U7T3 JC6Q RHOX,30/04/2024
374283313113300,americanexpress,RO57 PMMJ ZE2X ZCAM MVYY 4DBR,08/04/2026
337941336730378,americanexpress,LV93 UWGJ S9XE 2LKQ 1RL3 B,12/05/2023
5100144823962224,mastercard,SE75 9925 2954 3040 0417 8339,13/04/2024
337941191593044,americanexpress,PK30 AIOC EHQJ XEUO CLXP AMZ5,19/09/2023
374622645738856,americanexpress,SI02 0359 2703 3168 477,22/06/2024
374288366337243,americanexpress,HU70 8855 9465 3515 2989 2530 4333,19/12/2024
337941266613305,americanexpress,AD32 0449 6351 GX8C GMFE NB2T,28/10/2023
5100147930484735,mastercard,FR41 9159 6205 16ST OAKB G7AH D62,26/04/2025
337941931836968,americanexpress,LV35 DCAG RHXJ PL1H U6KZ B,21/12/2024
337941612250927,americanexpress,VG64 PGIG 6907 8382 1451 0006,26/02/2026
374622008188277,americanexpress,DO98 6WGB 1988 4412 0009 2007 2738,22/03/2024
5100174866221014,mastercard,GL48 7342 7283 5143 71,14/10/2025
374622591210744,americanexpress,IE37 PIPL 0189 8002 3956 48,06/09/2023
374622127446366,americanexpress,MU84 ZTZC 6950 3813 9697 1963 895F HP,17/04/2026
374288566910070,americanexpress,EE53 6548 5175 1611 1654,14/04/2026
374288033463505,americanexpress,MC31 7434 9301 25PV V7YL RGUV P58,29/08/2024
5100179718610447,mastercard,AL92 5543 1135 WVXA 6FM7 1NTV WMNQ,05/05/2023
374288837451599,americanexpress,PL17 8696 0409 0085 7140 4070 6600,01/10/2025
5100142103037923,mastercard,SA52 00FI DCLE VWBJ NOVM LCOH,07/06/2024
374288716887566,americanexpress,CR62 7908 4942 8107 9908 7,27/11/2024
374622521702158,americanexpress,GB70 SEWS 2048 7065 1724 25,14/11/2023
374283022896542,americanexpress,TN52 4026 6830 6823 6572 6793,24/06/2023
374288054061105,americanexpress,FR66 4692 0845 76EH 9PWC TSBE P88,03/04/2025
337941477084551,americanexpress,FO98 0907 8744 4880 57,26/06/2024
374288267553658,americanexpress,RS28 6386 8542 3806 2303 38,13/08/2024
374283089709877,americanexpress,AE70 2425 6664 2795 9127 826,25/06/2024
337941061814728,americanexpress,IT32 S306 9390 8412 BKWN EUSC BOX,21/12/2024
5100147601193458,mastercard,HR48 0710 0584 4405 2175 2,14/03/2025
337941875311614,americanexpress,GB42 ZIJI 1204 3142 7082 87,03/06/2024
337941786074608,americanexpress,FR90 2532 7280 29HT PBON GSOO T20,14/01/2024
5100173608456813,mastercard,FR92 4112 2911 59X4 CBV5 5S9J K40,11/04/2026
5100143487817450,mastercard,FR72 1520 6949 44XW BFDE DNJG L16,18/09/2023
5100170341410495,mastercard,SA47 26XH MKGU 5IIG 8AQ0 5MZL,23/11/2024
374622684504680,americanexpress,DO32 SSSS 7123 2869 3931 2803 7752,18/01/2024
337941875211491,americanexpress,VG70 HQQJ 1224 7594 9334 1185,01/03/2025
374283746020353,americanexpress,DO17 C2RS 0496 1291 4540 6524 6853,03/12/2025
5100178670525668,mastercard,FR05 4222 3038 03Z6 E0J0 JNZ6 X14,07/06/2023
374283920345063,americanexpress,CH08 0609 2ZS7 WFND VI2X L,05/07/2023
5100146403282766,mastercard,AZ53 ARXJ TBRR ZZZ0 C0FX VMCT JDAV,22/11/2024
374288355193979,americanexpress,MK75 379D Y53W LGSY L47,14/03/2026
5100149384341064,mastercard,FR30 8990 4801 04LF W6Z5 OE02 H79,04/06/2024
337941347065210,americanexpress,BH62 BXYH AXWP X7ZP WWKB KA,04/04/2025
5100142537888933,mastercard,LV18 BYTR F4YV 13LA 7KH9 W,09/04/2024
337941056995573,americanexpress,FR74 1137 1603 93RU YTUG 1NPO 960,25/04/2026
5100148786654744,mastercard,SK15 6380 8524 6487 7406 1903,29/05/2024
5100175723249643,mastercard,LT05 6134 5046 6074 8531,08/08/2023
337941019212926,americanexpress,TN63 9685 6987 1757 9144 1717,03/03/2024
5100143072922293,mastercard,MD54 EZTI CHEP RPT7 VI1Z MHDA,16/08/2025
374622573279154,americanexpress,GI21 WGXS EWV6 PVMG NMOJ BBP,29/03/2025
337941851237031,americanexpress,LI79 2737 40T6 4ZST VCUZ 0,19/05/2024
374622106767048,americanexpress,PS93 PZAL IHQI S1VE JQKO ESE9 XTMS E,09/09/2023
374288069993292,americanexpress,FR28 0472 5381 80AZ T2EY LMHV Z79,31/08/2024
374622228160585,americanexpress,FR96 0922 7002 96OX A0KI QBMP Z51,11/05/2023
5100140715789543,mastercard,MR45 7710 4938 7698 4797 6335 819,12/03/2024
374288579211367,americanexpress,SK58 2586 8258 5005 3374 6541,13/07/2024
374622805135067,americanexpress,AT91 7007 4698 0034 5856,29/07/2023
374283380225193,americanexpress,IE19 YQZA 9656 8447 7423 92,28/02/2025
374622291937737,americanexpress,MK47 674U 03I4 LXNI X21,02/08/2024
337941765747042,americanexpress,DE28 0023 0778 4654 2310 02,26/12/2025
5100131334777274,mastercard,GR26 7037 6327 2ASE T5QD 8JJE ZXY,24/03/2024
337941057230129,americanexpress,FR68 3700 6469 574G TAOO EKMZ I05,01/07/2024
5100143581723539,mastercard,TR13 1556 36AG OWUW KQNQ STVN J9,01/06/2025
374288085479714,americanexpress,KZ98 8141 E2MN KXNI WBMK,05/02/2024
374622034379049,americanexpress,FO02 7644 1843 9506 00,15/05/2025
5100134024815131,mastercard,GR94 5668 524O AW8J GRZS IKWZ AUO,11/08/2023
5100134980293232,mastercard,IL03 2393 1503 1285 0257 772,17/06/2024
5100146965011413,mastercard,KW47 JXXF F4MU GMNX JA4R R0ZM ICR5 J4,10/01/2025
5100171002654736,mastercard,LU90 3741 XJF9 QWLM 3KO2,16/05/2025
5100179742938640,mastercard,LV14 JXYO UXSX BKKV NCTP D,18/05/2025
374622022145444,americanexpress,FR26 1661 6629 29XI ET1W 70RR D25,24/06/2023
374288647406544,americanexpress,AE77 2062 6905 4064 3110 956,21/07/2024
337941924805871,americanexpress,IS19 6209 1568 4537 6067 3748 77,23/04/2024
374288254087116,americanexpress,MD89 HNGZ XBA7 VWPG RR8C YJAD,07/07/2024
374622295778467,americanexpress,LB64 9418 XEPH CCSX EG9N ZT9H EYLN,25/03/2024
5100130126099442,mastercard,PS97 CMMA JVRQ FUW4 FPTR TNIY CO6H Y,24/09/2024
5100172975550935,mastercard,GT03 7KJB RGE1 83FO CF9R VMIV 0JBZ,09/02/2025
337941981051013,americanexpress,FR91 1157 6897 86V3 HWWE S0KV 094,17/12/2024
374288274363554,americanexpress,NO19 1584 6315 458,18/02/2025
337941519244270,americanexpress,NL31 QZND 6075 2239 91,22/11/2025
374288074718247,americanexpress,AZ27 GEKD R8KO F98M SYEZ PRGM MX9R,21/12/2024
374622920487195,americanexpress,CZ23 6868 6898 3591 5026 9202,11/12/2025
374622918568782,americanexpress,LB22 6150 ZC6N HXI5 RIYN QDCS 3WWQ,19/01/2025
374622621231751,americanexpress,FR52 3496 4044 44AP VRML YLRC 362,04/03/2024
337941969858934,americanexpress,GR92 4302 636N DFCF DOBJ 4WOG YD4,25/01/2024
5100147800164607,mastercard,IT96 C145 0198 567M 9MTE A5HQ VDM,08/10/2024
374288660609958,americanexpress,BA95 6266 5128 6389 2016,13/05/2024
374622894653384,americanexpress,EE65 5908 7957 6995 1461,30/05/2024
374288832030216,americanexpress,HU02 8386 1735 8472 6277 2123 8539,28/07/2023
374622693984857,americanexpress,SI43 9593 3673 6664 203,30/10/2024
337941695544857,americanexpress,PT20 0309 9194 2940 8151 3234 7,25/04/2026
337941733023484,americanexpress,KZ89 579N TRPL AOWU FHRG,26/06/2024
374622754551090,americanexpress,FR14 7245 7145 30VV LHB0 VQS5 D79,16/08/2023
374288703051226,americanexpress,LI90 4999 74NX CY92 E60L W,01/03/2026
374622661314764,americanexpress,GL89 1662 5913 7596 85,08/06/2023
374622343603295,americanexpress,EE70 2574 2425 1794 5991,23/01/2024
374283330777855,americanexpress,MT28 UZSH 0259 3WYK FWNP KBPK AE0N SMD,17/01/2024
337941350212220,americanexpress,PS25 KLZF JW2Q CQAL MJIS 4ZIP O0DH U,12/02/2025
337941194645262,americanexpress,ES21 9246 0161 0720 6993 6348,23/06/2024
337941566042387,americanexpress,AL12 5386 3352 LJB8 EJFJ NXDO NHPF,29/05/2025
374288506017812,americanexpress,AZ17 AIZL EESN K5X1 NHPG 1AVR SA0C,30/04/2025
374288042817782,americanexpress,FO50 0938 3414 9243 49,10/08/2025
5100178786330359,mastercard,BR57 5780 9760 1231 2393 1139 305P 7,23/12/2025
374288196028178,americanexpress,KW15 WJQY 2XY5 PAS5 BHH6 B3NW 0DUT EQ,17/02/2024
337941806326343,americanexpress,FR83 9565 8221 384P D3RU IDAK D19,16/06/2025
337941280472878,americanexpress,FR86 8041 4846 53J0 JFSG D4L3 Q78,17/05/2025
337941246436629,americanexpress,GT69 2SXL UCEE JVYW 7A9U HKO1 XGUI,20/06/2023
374288345732308,americanexpress,PK14 COVS 8VDC ASER ZVJX ESEW,24/12/2024
374622554853654,americanexpress,BA95 3476 9839 7830 2260,07/03/2026
374283554431916,americanexpress,RO73 XEWY D08U H3YW 9OJK BCXE,02/10/2024
5100146637644914,mastercard,IS44 3126 5386 7807 3852 2792 99,12/03/2024
337941646166826,americanexpress,DO31 PVJB 8408 7449 0938 2885 8671,12/06/2024
337941807035117,americanexpress,RO64 FIZL L6A1 49P7 XX59 SWPD,22/11/2023
337941644391251,americanexpress,NL48 JNYW 1143 8404 68,29/12/2024
374622862208047,americanexpress,FR43 6678 3356 83HJ T7DM OCJI G41,19/02/2025
337941832164841,americanexpress,CZ95 9338 0562 6656 2605 8043,10/04/2025
374622354205626,americanexpress,AZ78 BZZD Z3KO U5YT XWPX SQWQ PKRO,22/03/2025
374622526099238,americanexpress,AE45 0585 9516 8252 5412 304,24/03/2024
5100137450434079,mastercard,FR98 3168 9217 132W FV9N 6AHT G12,20/03/2025
374283528406226,americanexpress,VG73 SWDA 1181 2081 1462 0697,27/05/2023
374283963908504,americanexpress,MR53 2347 3571 5001 7413 9643 225,08/05/2023
374288912578753,americanexpress,LT62 2205 0246 1928 2382,17/12/2023
374283420672727,americanexpress,LT84 0842 1852 0938 3571,28/12/2025
5100176612928503,mastercard,SE34 4797 0879 7479 1904 8157,06/07/2023
5100131946296317,mastercard,TR89 8231 7KYF SGCP A8LN 89MT ZD,29/11/2025
374622978574282,americanexpress,RO97 DPAX STDK RGLJ QQAF AC29,11/04/2026
374622175390334,americanexpress,BE48 0063 6289 8147,16/05/2023
374283759319189,americanexpress,LU51 4726 B0MB 6AKG ZAWY,11/08/2025
337941601232928,americanexpress,AE74 1646 0282 6017 2666 381,28/08/2023
5100138876612488,mastercard,CZ69 1710 1850 7468 5627 0000,25/11/2023
374622561964924,americanexpress,BH62 YLXV OXHU AKRX NPDH YO,22/03/2024
374622909935685,americanexpress,GI06 MBCO O4RJ Y6BK DWOS AXD,11/03/2024
374283959173816,americanexpress,SI94 2736 4276 3318 434,13/03/2024
5100149280200612,mastercard,FR73 4778 3069 826Q DPTD DQPI S78,16/03/2025
374283900389735,americanexpress,MC81 7066 3892 11K5 6YMD V991 W47,16/08/2023
5100148390568702,mastercard,FR17 9350 9666 09H0 GN3K BKKV Y05,19/05/2023
374283740178652,americanexpress,BH75 KBWR 2ZNK 416Z H8CB FH,27/12/2024
337941169970083,americanexpress,FR70 0028 1073 71FP ZV2M VIUY 585,27/08/2023
5100145875006752,mastercard,TN35 4317 1880 8804 3923 2258,01/09/2023
374288919211481,americanexpress,NL40 NJGS 2008 3249 75,12/11/2025
374622808491392,americanexpress,AL47 3922 4755 VIQW CHLV DDTP XOQB,17/06/2025
5100170366199601,mastercard,KW97 AINE O7FA S8NR D5DG LX6U AFXJ 57,28/12/2023
337941444462567,americanexpress,MR31 4808 4293 6741 2094 0130 396,15/05/2025
5100141084842830,mastercard,FR67 5035 8352 39CG ZD03 TPIM N48,14/08/2024
337941543099203,americanexpress,SM77 E619 2878 934E C1VK 9NSK PF6,17/07/2024
374622365999217,americanexpress,GB20 SJVS 3188 6477 6399 77,24/02/2025
374283392566923,americanexpress,ME31 2902 6035 6863 3559 26,18/09/2025
374622867336918,americanexpress,FI90 0378 3102 5865 61,10/11/2025
5100133868579464,mastercard,GL17 0529 1067 9878 86,12/01/2024
374288559290472,americanexpress,AZ71 YOSM TC3S JPV6 0RTZ 0KY7 SU8Z,25/08/2024
374622833487449,americanexpress,GL32 0773 2831 3972 48,24/03/2026
374283950420570,americanexpress,PS04 MARS DHQM DNTG F7GU 2XUC R7FU 9,10/08/2023
374288046997358,americanexpress,CR93 1228 8652 6190 5703 6,09/03/2025
337941655469020,americanexpress,LB35 4080 YTBB YBIO TLBH ZOHO LKQO,07/12/2024
5100174288525679,mastercard,FR05 0607 7575 774J 19J7 R1VC M56,10/02/2025
337941977925691,americanexpress,IS82 6711 2615 8891 0100 2726 50,19/02/2026
337941493160302,americanexpress,FR87 8013 4438 30LM PI9H NYUG D55,18/07/2025
5100140218194779,mastercard,FR02 8564 9850 4934 KRE9 VZMY H07,13/12/2024
337941730805867,americanexpress,FR37 1435 5397 98ER KSFV VQE0 389,13/01/2026
374622711972199,americanexpress,MD09 W8ST PSLJ 2GSZ 4WV9 K1GO,07/05/2023
374283273076109,americanexpress,EE30 3313 0505 9149 0207,12/04/2024
374622247684599,americanexpress,MC39 1201 1434 95VP SIV2 GASO C64,25/10/2025
374283832389365,americanexpress,DK53 5947 0284 9359 82,05/01/2026
374288338693871,americanexpress,ES96 9554 3024 3184 6170 5207,23/05/2025
337941079629209,americanexpress,EE94 4556 0597 9145 1075,15/01/2026
374622083204742,americanexpress,DE28 2255 4749 6697 1602 71,20/04/2025
5100179072626476,mastercard,IE56 HYJG 8479 1983 3325 05,06/02/2024
374622336738041,americanexpress,MK69 3917 U8I0 GLFX P25,19/10/2024
374622586737529,americanexpress,BH72 YFOH ENOD K3W3 FTV5 LJ,02/02/2026
337941589738003,americanexpress,SI36 2033 8035 2919 939,22/06/2023
374283356040295,americanexpress,NL48 YCKJ 3429 2002 58,08/07/2025
337941523904638,americanexpress,LU10 928W 8LNU LPOZ ZGGO,06/07/2025
374283544829450,americanexpress,IE77 LBRK 3578 9235 9541 84,12/01/2025
5100139586739736,mastercard,PK54 OQYB 6PKO AYKV 4B3W TV2M,02/07/2024
374622968945591,americanexpress,AD26 9640 7557 2OL0 TNJK EP4R,10/04/2025
374283836986067,americanexpress,KW55 MSKV PRDC OSMP SSOW QGMI JQKG VY,04/07/2024
374283370922122,americanexpress,HU11 5143 7750 6756 1691 2689 7168,22/01/2026
374622626649700,americanexpress,DK74 6115 9131 4736 48,29/01/2026
5100135562830085,mastercard,FR32 6122 5294 47ZM Y15L 1O7V Z67,27/07/2024
374288942096982,americanexpress,LT73 0152 0820 8996 6659,21/08/2023
337941691346133,americanexpress,SE55 4500 0744 5842 0530 4761,18/04/2025
5100136462352634,mastercard,AD52 1823 9195 G3U2 OWWG OAF7,13/10/2023
5100143920576861,mastercard,BR41 7203 4178 3557 3398 7998 667M G,17/07/2024
337941854579876,americanexpress,CR38 0183 8724 3761 2185 2,05/06/2025
337941053193149,americanexpress,MD44 TZZ9 ZMQL R6PG GK26 JNI7,19/01/2025
337941650939498,americanexpress,GE56 OS68 4974 4029 8185 92,17/03/2024
374622327533203,americanexpress,FR64 9639 9662 20GQ FU2Q VFOI P75,05/12/2024
374283276956224,americanexpress,KZ81 671W JIOS 1XG3 GSDW,07/05/2023
337941630422714,americanexpress,GL37 1053 2002 1813 63,20/02/2024
374288659137144,americanexpress,FR10 3661 6341 02A6 FGKX 25MT J45,30/12/2025
374283969998780,americanexpress,ME94 6698 2845 8977 4842 78,28/02/2024
5100170658682207,mastercard,FR91 7214 0333 95CD ZNOK LPCD 743,02/01/2024
337941587068486,americanexpress,BG63 LSBA 8121 22LA DVMM F0,26/07/2023
374288410182769,americanexpress,MT18 EAIZ 0398 7WKN QP6K PHPX FSAA BSN,30/09/2025
374283550735294,americanexpress,NO05 6000 8866 329,18/11/2023
374622097046212,americanexpress,SI20 0362 9602 8678 863,04/09/2024
374283077828051,americanexpress,FO71 8129 2437 1025 15,03/06/2024
374283592580039,americanexpress,IT25 O437 5175 286V ZDTN GWB6 ID6,19/05/2024
374622008575432,americanexpress,PT34 7480 7518 4705 8801 3482 7,19/10/2023
5100133589273959,mastercard,AT51 6215 9022 5819 2573,22/02/2026
374283833628357,americanexpress,MD33 PPMS YGUF SXGG OZNO 7Y17,12/03/2026
337941930742654,americanexpress,ES10 8846 6211 4357 5043 5087,14/04/2025
374622699163886,americanexpress,CY09 3855 0864 1KWB 2UX4 Q89H 07MX,02/02/2025
374622756098033,americanexpress,FR36 1123 8269 75UF RQNB 3ZHS F92,28/01/2025
374622004753561,americanexpress,FR87 2194 4125 0197 UOIR D2MP E07,23/07/2023
374622538606988,americanexpress,DE78 6465 8145 8601 5933 69,28/12/2024
5100134920989329,mastercard,TN95 9068 4669 7149 8738 3691,09/08/2025
337941157581017,americanexpress,KW22 WDOB DSDP TAPY V70B 8OKK BC32 AH,10/06/2023
337941866687980,americanexpress,BR80 1699 2184 6858 7517 7493 207T 8,06/07/2025
374622398209766,americanexpress,GE36 XB09 9853 6965 4038 85,29/07/2023
374622131107707,americanexpress,GI34 VBKM BFRZ SR1O BIDH CTK,25/02/2026
337941363343681,americanexpress,FR49 5897 9687 48IC 6CJL MKGJ G09,05/10/2023
5100171412413087,mastercard,IL74 2616 2494 9793 3652 018,14/11/2025
374288781002760,americanexpress,CY58 6793 5325 ERXW Y3QI GEWP FBHC,11/09/2023
337941723316211,americanexpress,AD02 0897 4445 DKJF GS6S AEGX,30/08/2023
5100175615584008,mastercard,PT15 8388 1026 8438 7491 7505 5,13/10/2025
374283968936310,americanexpress,SK55 6459 9830 5814 8537 5486,21/11/2023
337941151768594,americanexpress,HU73 8100 1634 4771 7537 5835 6965,02/06/2025
374283075860940,americanexpress,IE79 KHYJ 4864 3739 1936 20,18/01/2024
374622208466333,americanexpress,LT96 8542 5416 5878 8249,10/10/2025
337941433922530,americanexpress,BE71 6222 8532 3446,31/12/2025
374622271853227,americanexpress,FR04 6457 7779 42EC SC7X BW00 M47,29/11/2025
5100171944060414,mastercard,BG46 RVJU 2080 952R OGOP WO,30/06/2025
374288491068143,americanexpress,EE89 8772 6729 0281 0748,13/04/2024
374622224389618,americanexpress,FR29 5784 2383 61LN SB2R MSL0 C94,10/02/2025
374283724719133,americanexpress,PL58 1367 5128 8401 7227 3135 2552,16/11/2024
374288150170065,americanexpress,FO86 3996 5953 1091 44,30/12/2025
374288005239701,americanexpress,NL02 MSLR 9548 0976 98,15/08/2023
5100170357172476,mastercard,FR10 7972 8059 59HB ZWXA CAJL 441,07/06/2024
374283705421345,americanexpress,AD33 5922 5142 IZUI TLCA J5TQ,06/08/2025
5100146937103819,mastercard,IS73 9128 0701 2250 5652 8005 37,23/10/2023
337941544947285,americanexpress,ME61 7038 9691 6824 5006 08,14/07/2025
374283876685603,americanexpress,DK14 1132 3771 5981 26,02/05/2023
374622141733120,americanexpress,BA17 8958 2549 9882 2244,19/08/2024
5100177008642443,mastercard,VG94 VMYU 0075 3955 5247 8829,15/11/2025
374622454304360,americanexpress,TN66 5103 2771 1914 6494 8615,21/06/2024
337941496156067,americanexpress,KZ57 972H WPQB PWMB V6EY,11/09/2025
374288578117219,americanexpress,IL97 2055 5457 7553 4143 450,09/10/2024
5100136815687983,mastercard,BR30 0910 7190 4604 6910 0720 221V A,19/08/2024
374622608579149,americanexpress,GL55 1683 2353 3889 15,16/02/2026
374288133626878,americanexpress,FO62 5334 2745 9048 84,17/08/2023
337941160483987,americanexpress,FR80 8844 1366 529V I5I4 CBRT A31,30/05/2023
337941746471100,americanexpress,FI23 8645 0496 0562 33,25/06/2024
5100145417885986,mastercard,SE51 6483 1246 5546 5407 2740,04/03/2024
5100132173289215,mastercard,SA95 63D3 BDVI VIAO JN9F AHLA,13/06/2024
337941751910802,americanexpress,CY23 0782 6911 VBIA PK63 NXTG PUWB,06/05/2024
337941695540863,americanexpress,GL10 4909 4910 8567 44,18/04/2026
374288141458736,americanexpress,MK59 557I WHJX UDH0 W80,04/02/2025
337941917315557,americanexpress,LB04 4638 RPYA 9XMO Y2NL MDGC ODZX,18/08/2024
5100174271342124,mastercard,CH38 1523 8JMV WGFT HEJT 1,07/12/2024
374288355461723,americanexpress,GT37 VVJV YYGQ XZW7 DJ06 PFSA 9TPS,14/05/2025
5100130908374187,mastercard,GB46 KUFH 6148 5218 9853 48,14/04/2025
337941501280415,americanexpress,BA53 3430 1769 7166 3228,15/09/2024
374622366633278,americanexpress,PL33 5531 1317 3206 4863 2697 8987,13/12/2024
5100138190170973,mastercard,BH54 TCQE NVEJ XMSS APDM KZ,07/11/2024
374283581374378,americanexpress,AT63 4427 1116 0564 8773,19/09/2023
337941297613746,americanexpress,LU55 881P YNJ8 MKT8 G8KF,24/12/2025
374622012250352,americanexpress,GB18 RGIP 3807 5420 3135 09,04/07/2025
5100134848433384,mastercard,GI65 SDDQ HDQT LV1F YTAZ YN7,24/04/2026
374622713296860,americanexpress,LU20 167V WVRO KSBI GJ9A,11/03/2026
337941952736964,americanexpress,HU97 5629 9260 6657 2255 9473 8599,06/05/2024
337941198923301,americanexpress,FR65 5162 3737 34G1 J5BS NAYL P25,19/10/2023
5100173179610962,mastercard,AL68 5369 6288 OB7Q CK2Q BW4O EATC,01/06/2025
5100133624358823,mastercard,CZ32 2898 1072 7350 1136 1822,07/01/2024
374622749546312,americanexpress,CZ36 5062 3594 9692 0374 0376,26/07/2025
374622598539798,americanexpress,FR59 1683 7584 16VA UDX0 DDAD V44,11/06/2024
337941008602293,americanexpress,SK33 0639 4322 1550 1333 8331,18/10/2025
5100139731998617,mastercard,PT15 5013 1812 5097 7596 4675 7,25/12/2023
374622578735721,americanexpress,DK51 6589 4194 6326 35,07/03/2025
374283428636740,americanexpress,BA16 5931 4432 7537 5025,13/02/2025
374622174408517,americanexpress,SE31 3359 1772 4142 3591 3348,24/09/2023
374283280425919,americanexpress,TN37 3835 6992 1078 7972 8329,05/11/2023
374288087872486,americanexpress,MC70 9209 3599 78PJ PDQA IAGB C86,23/04/2025
374622624141601,americanexpress,EE87 4898 5954 6626 0334,30/08/2023
5100133672044895,mastercard,PK77 KQYR LAS0 CMJM 1RKW QYXM,13/10/2023
5100139232911440,mastercard,SK74 4594 3998 4357 7327 1573,19/05/2025
5100176454513587,mastercard,FR31 8221 8889 86L4 6HYT FGKA S54,22/05/2023
374622811157485,americanexpress,SK25 4392 2727 9379 0028 0599,01/08/2023
5100179898268867,mastercard,GI66 LTUR IPVH C0JU EFVM AA3,08/12/2023
374283224720144,americanexpress,FR88 1537 5770 294Q 6BIA OUYH 193,23/06/2024
337941904390597,americanexpress,SM42 V224 1000 333G 1DVB 69WN PFS,13/03/2024
374288156849191,americanexpress,MR17 3019 9881 3250 9069 0644 861,07/03/2024
374622788021409,americanexpress,FR47 2602 6364 32UI VRUO L2LE T16,29/12/2023
5100177110711300,mastercard,SA25 85ZX 2MAE 3QHV EC38 C96Z,07/11/2024
337941424575891,americanexpress,EE31 7749 6238 7587 3970,01/03/2024
5100146426378799,mastercard,AT52 4829 8527 0253 6262,26/06/2025
374288954346887,americanexpress,AZ09 FRON EMBO F9LJ 4RQ6 RBIX 2TB0,11/07/2024
374283873775605,americanexpress,KZ13 9263 AGFF IN7J OFIR,02/09/2023
337941675342132,americanexpress,BA78 4886 9128 5120 5317,28/11/2023
374288330544395,americanexpress,RS48 6441 5565 8104 6596 34,09/05/2023
5100179315817700,mastercard,HR19 9940 5206 7617 1047 8,11/04/2025
337941592988967,americanexpress,AD90 1642 7010 ZI12 ETXR 1Z14,09/01/2025
337941645023556,americanexpress,EE31 2996 2913 6868 9039,14/05/2023
374622634292469,americanexpress,FR61 8440 3314 48ST 1PPC F4NA Q19,19/12/2025
337941353463168,americanexpress,KZ65 929X K3QV R8ZL XCBD,27/09/2023
5100177892648878,mastercard,MR54 0802 0727 8618 4693 1501 497,12/01/2025
374622807054522,americanexpress,FO18 5973 1053 2857 66,21/05/2023
5100137632815047,mastercard,EE09 8915 2071 0586 3125,23/09/2025
5100146710133579,mastercard,LB90 6909 D2CQ VISH FZHL SX30 Z1XU,14/01/2025
5100137899315798,mastercard,FI72 3894 9156 9076 39,06/04/2026
5100148740788877,mastercard,TR51 2669 0PP6 2JKL GARQ E3MT PP,28/10/2024
5100144516245630,mastercard,KZ50 995W D33G P7VT VCX2,05/06/2025
337941684351926,americanexpress,FR67 8541 6517 99PU WX7Q FQTV C31,28/07/2023
374288142721751,americanexpress,HR90 8270 9257 9154 4210 5,18/09/2023
374622870138194,americanexpress,AT53 5703 5061 7354 3326,20/08/2023
337941821794814,americanexpress,FO42 5803 4269 5923 10,20/07/2023
5100137636507855,mastercard,GT83 WYWB 28DI KDWJ QKNA JTDB 6FZY,18/04/2025
374622035865772,americanexpress,FR11 3290 0099 80OP K348 LVGJ E59,14/04/2026
337941559546386,americanexpress,SM58 E664 5251 196K QFHR NETW 6RT,20/09/2025
337941308150845,americanexpress,RS53 9057 4899 0547 1681 97,26/06/2023
374288041275958,americanexpress,SM41 N203 3886 5870 1GZG SMZP LLP,25/10/2024
5100136066194564,mastercard,LT93 1633 4735 1356 2927,21/06/2025
374622875872219,americanexpress,FR87 7494 2172 144E JVUC 4TZ8 V97,22/04/2025
337941016826801,americanexpress,FR03 8456 7320 16RL 2WAZ QIRF J05,28/11/2025
374622025763961,americanexpress,ME79 6226 5262 9318 6423 69,06/10/2023
374288385768485,americanexpress,FR17 6481 6240 68QH ZXGU HHRT 277,18/04/2025
374288261212616,americanexpress,ES47 3474 8229 1839 2523 5868,11/06/2025
374283054272547,americanexpress,FR89 9404 7633 91OL C42E KU9G Q50,10/07/2023
337941871289475,americanexpress,FR74 0513 3880 96WT 60AZ AYER R54,05/09/2025
5100170369706659,mastercard,DE88 3271 2479 0221 7534 29,26/02/2026
374622745877786,americanexpress,MC84 7000 1287 99HF WYD7 RIYX O15,05/01/2025
374288589331254,americanexpress,PL23 4906 2419 3990 1154 3140 1889,04/06/2025
374622639389039,americanexpress,FR91 2420 0055 20DM IJG0 NJJY M69,02/01/2025
374622839433595,americanexpress,ES07 9983 8946 3304 3793 8027,03/06/2025
374622694730549,americanexpress,DK10 1785 1373 1095 72,03/07/2025
374622624015656,americanexpress,LB70 7480 CTUH GFDA ELYP XDSK EMSO,20/09/2025
374283729630616,americanexpress,CH14 3523 5N9D TANU VFII D,29/01/2024
337941567405286,americanexpress,DK12 7737 3877 1855 19,25/03/2024
374288721696770,americanexpress,MU57 JRHO 6318 7006 2852 2727 200E GA,22/10/2024
5100148005132043,mastercard,FR52 7152 0552 55V1 7EL1 X7N2 R42,02/04/2026
374283880963012,americanexpress,CH26 8299 6MQM IGKG FRRM 1,27/06/2025
337941846010360,americanexpress,IE86 SQET 3252 3489 8875 23,22/08/2024
5100135709411237,mastercard,MD13 D19R 9RRV RJB9 TOXY QLXY,22/05/2023
374288691063464,americanexpress,DE87 2611 7676 2645 8263 53,02/11/2023
374288338197873,americanexpress,RO74 OJHC A2ZK K2W1 PTQG 6SR6,22/02/2025
5100143716343492,mastercard,GI80 RMYB L6B6 UPFV MXY2 NN7,10/10/2025
5100130278362317,mastercard,MT13 EKKM 4249 6F1M JNHN 7HNK F6DE WH5,02/08/2025
5100142777236579,mastercard,BG30 ENJP 1741 08WB MIDU 0M,24/08/2025
337941090858936,americanexpress,FR72 6827 1645 23X9 HWQC W2NI H38,29/09/2023
337941580072832,americanexpress,GE46 VG59 0505 1575 9449 47,27/11/2024
5100136014947907,mastercard,CZ74 0454 4809 6000 2979 5933,27/03/2025
5100144204400513,mastercard,BA55 2695 1713 5912 7749,13/05/2025
337941171289456,americanexpress,FR11 4470 1402 50WN FAY5 1F31 X28,03/01/2025
374288923377393,americanexpress,GB69 XMHQ 5057 5671 2986 97,22/09/2024
5100173234608357,mastercard,NL30 KTDL 8423 4791 83,26/06/2023
5100173917531686,mastercard,NL89 ERLO 7545 9354 45,04/09/2023
5100148856385906,mastercard,DK95 8147 2893 6765 70,10/10/2023
5100173746841637,mastercard,GT05 IR0V 084Y TRRQ EVKH ASEW XOHJ,23/02/2026
5100175511430181,mastercard,FR26 0572 1652 76KA R1DE G7JB W51,07/04/2026
337941596734110,americanexpress,AT16 5965 5622 0584 2501,23/03/2025
374622838026697,americanexpress,SE80 9805 6072 4968 5064 0425,13/11/2023
337941528483687,americanexpress,CH94 4750 7LYE NN9K NELN T,20/12/2025
5100130521916570,mastercard,CZ80 5786 5393 9476 0342 1452,23/07/2024
374283383467982,americanexpress,GE64 LM45 6854 6846 8142 14,04/04/2025
374288211879266,americanexpress,FR94 1611 3513 45MR QIXO VCO5 T55,18/10/2023
374288577906125,americanexpress,HU09 0892 9931 2919 8850 8025 2332,15/06/2023
374288426885165,americanexpress,FR09 1715 1774 01TR WX8Q BXUB M79,12/11/2023
337941873334089,americanexpress,GT69 CJUS N1ZE LK7O FOOA KAWX ZGPD,09/03/2024
374288340637882,americanexpress,TR46 9234 6BD5 NWGE ESQS QZDT SB,23/06/2025
337941198304395,americanexpress,SI50 9612 7406 2479 710,17/03/2025
5100172363700001,mastercard,BG09 DTBV 0770 16JT CH5D SV,25/09/2024
374288834123191,americanexpress,FI52 7053 7347 1299 38,04/04/2025
374622840216336,americanexpress,FR66 8762 8009 47ZQ LAJV XCVS 476,05/03/2025
337941976646967,americanexpress,IL63 4245 6656 9235 8111 688,14/06/2025
5100171561045177,mastercard,BR62 6728 0328 7694 3734 7101 078H T,06/08/2024
374622594054222,americanexpress,FR72 2490 9956 57UM ARZ8 XVBZ P01,30/12/2025
5100143035382858,mastercard,SA46 83UI NY4K 9GMO UAGA 5FY4,31/07/2024
374622884681999,americanexpress,MR79 5181 5579 9046 7913 8446 506,27/11/2023
374283408709491,americanexpress,SM05 G972 9807 6249 3TZN CF7J L9D,31/03/2025
374283864779954,americanexpress,TN91 5436 6982 7777 1375 2305,28/03/2025
374288700761868,americanexpress,IL53 1109 0562 1027 0491 643,09/08/2023
374283262974314,americanexpress,GE63 FG58 2536 0992 4713 33,04/04/2026
374288450298236,americanexpress,NL60 WUIE 9056 2301 82,22/11/2024
374622186150503,americanexpress,AL39 3286 1296 T4GH JFQB GFDT DMVG,21/03/2025
5100144326931890,mastercard,FR75 6557 0185 657F ZAWW 3UBD A37,07/02/2026
337941360792666,americanexpress,FR29 9099 1444 15VC PV3A 0PWJ R93,20/08/2025
374622199784678,americanexpress,FI92 7507 3364 3645 72,08/03/2026
5100136159781525,mastercard,MT08 UKNN 1969 7RUS 971U SARD ID2Z R7H,26/09/2024
5100143830624462,mastercard,FO93 8506 6257 0424 89,21/05/2025
5100146249741116,mastercard,PK42 LXOY QZ1H 1JI5 RURF C1BA,14/10/2023
337941372667211,americanexpress,FR49 2664 8411 503F CYNZ K22Q S16,25/11/2024
337941592480338,americanexpress,RO34 DULQ JUQC HL7N GMCO 5YAU,22/04/2025
374622258003309,americanexpress,MT50 NCBL 4897 8Z6Z GPUX SBEP G421 WRZ,28/04/2024
374622756678172,americanexpress,IE98 WEYI 2944 5538 8298 32,16/08/2025
5100130561777296,mastercard,DE91 4672 6136 5803 7247 99,01/08/2023
374622630518610,americanexpress,FR16 9046 3936 59VA 1CTK TFX5 C30,15/05/2023
374622350760590,americanexpress,BA58 6956 4294 4212 3046,02/11/2025
374622006089725,americanexpress,IE45 ZQTV 1030 7609 7754 21,12/04/2025
5100178345438651,mastercard,GE69 EB14 9142 9671 8922 34,12/03/2026
374288673939434,americanexpress,FR24 5324 5738 75IA XYKF GVPM 791,05/11/2025
5100143708621913,mastercard,SE07 2535 6834 1373 3204 1604,02/01/2026
337941948862551,americanexpress,MK18 106W ENWA FJZQ N07,17/09/2025
5100143264980505,mastercard,AL41 2696 2902 I5OZ IAEQ VOPB AWPM,24/03/2024
374288720791010,americanexpress,BH60 RAGA HNOL 3PUJ R0UX YL,06/04/2026
5100132164957267,mastercard,NO25 0385 2627 645,16/10/2023
374622191463818,americanexpress,AE92 4961 8181 8738 3091 987,30/09/2023
337941667685910,americanexpress,MD11 DWK2 05NK PNEW BLGH HBXB,09/09/2023
5100142638512960,mastercard,NL60 WYGD 6340 5979 43,13/08/2023
337941715243456,americanexpress,FR70 6939 7611 23W5 QPII EVEB V94,01/07/2025
337941305170093,americanexpress,GT83 HZVK OXIE BPNZ JGKQ AXZO KDJP,24/07/2024
374622169547931,americanexpress,RO46 HHJO TYRE CJSM RN5O VKEU,12/12/2023
374283324119700,americanexpress,AZ92 GTOH JY5H GX3T 9UFZ UOMP MCX5,13/03/2024
374288768008913,americanexpress,MU64 HFSK 6959 9722 6475 5999 262P ZC,07/09/2025
5100136410047104,mastercard,ME65 7457 5713 4592 0621 78,01/04/2024
374622651310442,americanexpress,TR69 4756 3ZZF 8RLI EKUL MHBF YD,20/03/2025
374622920836953,americanexpress,CR18 8257 9260 3273 4620 5,13/07/2024
374622542655427,americanexpress,BG35 XJDP 5016 41L1 GX3W ZR,08/10/2025
374622148057580,americanexpress,AT66 0954 9134 2045 2448,04/06/2025
337941564958881,americanexpress,DK44 2002 9443 4886 27,05/07/2025
374283346636954,americanexpress,DK76 5987 3916 1796 30,14/05/2024
337941667287725,americanexpress,GE75 GR76 0455 9376 7053 48,11/12/2025
337941788831104,americanexpress,MT23 SCGL 6081 0C3K NVLZ UHDL GFSC 87U,22/01/2025
337941434291232,americanexpress,TR19 1301 0DTS V7HF STI7 FUQG DZ,24/06/2025
5100145942316366,mastercard,GI24 TPFR DI5A FBDC ZQP2 WAE,06/01/2025
5100178529483556,mastercard,KZ98 516R 8LY9 QE9X WBTF,26/04/2025
374283600931323,americanexpress,MD85 RRG3 AZGA DSQ4 RT5E TAHX,17/11/2025
337941313193921,americanexpress,NL68 QDCM 6801 4436 18,26/11/2024
374283458095486,americanexpress,PT83 3141 7532 5837 2974 8771 8,12/01/2024
337941450704498,americanexpress,SA54 57ST GYZL LWFV GRLP NQOY,31/12/2024
374283554574640,americanexpress,FO97 4970 5456 2899 79,25/09/2023
374288333277308,americanexpress,GI88 SIPI QSXX MDYF 16ZI 7DS,17/03/2026
5100149005011930,mastercard,FR12 3548 9086 873X N3BF ZKHY J60,12/10/2025
5100173022916947,mastercard,FR34 9592 2814 23II PRM9 9FKE C71,19/04/2024
337941820101631,americanexpress,FR54 0460 7335 82CU TBQV OWKH M24,22/06/2025
374622860191997,americanexpress,FR47 3468 2946 041A APQM PHUY F53,25/06/2023
374622203791552,americanexpress,FO23 4566 4999 5727 36,25/08/2024
5100136860481332,mastercard,FR20 2379 7723 34VT A9WJ 1NUK Y91,11/12/2025
374288342241139,americanexpress,PT41 0666 8850 9719 3605 6341 0,15/07/2023
374288461919689,americanexpress,NO44 7839 0207 420,10/03/2024
374622592782451,americanexpress,PK14 ECXJ VD0R SNIU RFGN 6T8B,19/12/2025
5100133633713380,mastercard,AT76 6881 2924 1383 2747,03/09/2023
374622215425314,americanexpress,BH04 NEKV COOC HCN3 V125 1J,02/04/2024
374622666823710,americanexpress,GI84 TKGL GYAY IH6A 0QHA 9XL,17/08/2024
374288847197034,americanexpress,FR16 8736 7299 80PA 9QQE AJBM V66,20/05/2023
